{"cameraMode":{"drawMode":0,"name":"Shaded","section":"Shading Mode"},"sceneLighting":false,"audioPlay":false,"sceneViewState":{"showFog":true,"showMaterialUpdate":false,"showSkybox":false,"showFlares":true,"showImageEffects":true,"showParticleSystems":true},"in2DMode":false,"pivot":{"x":69.66952514648438,"y":216.38999938964845,"z":30.16973114013672},"rotation":{"x":-0.20189522206783296,"y":-0.15182168781757356,"z":0.031695540994405749,"w":-0.9670491218566895},"size":8.788824081420899,"orthographic":false}