{"cameraMode":{"drawMode":0,"name":"Shaded","section":"Shading Mode"},"sceneLighting":false,"audioPlay":false,"sceneViewState":{"showFog":true,"showMaterialUpdate":false,"showSkybox":false,"showFlares":true,"showImageEffects":true,"showParticleSystems":true},"in2DMode":false,"pivot":{"x":46.749305725097659,"y":238.39202880859376,"z":37.42655944824219},"rotation":{"x":-0.15267908573150636,"y":-0.48041439056396487,"z":0.08534594625234604,"w":-0.8594225645065308},"size":76.46749114990235,"orthographic":false}