{"cameraMode":{"drawMode":0,"name":"Shaded","section":"Shading Mode"},"sceneLighting":false,"audioPlay":false,"sceneViewState":{"showFog":true,"showMaterialUpdate":false,"showSkybox":false,"showFlares":true,"showImageEffects":true,"showParticleSystems":true},"in2DMode":false,"pivot":{"x":-3.7416749000549318,"y":1.6891196966171265,"z":-2.575927257537842},"rotation":{"x":-0.15267908573150636,"y":-0.48041439056396487,"z":0.08534594625234604,"w":-0.8594225645065308},"size":1.245234489440918,"orthographic":false}